"","time","num"
"1",2018-03-10 13:00:00,420
"2",2019-09-17 21:00:00,333
"3",2015-12-04 04:00:00,201
"4",2015-07-30 02:00:00,20
"5",2019-12-05 01:00:00,685
"6",2019-07-22 04:00:00,568
"7",2017-07-18 07:00:00,374
"8",2016-01-03 04:00:00,906
"9",2016-12-29 17:00:00,641
"10",2019-09-10 06:00:00,437
"11",2019-11-30 02:00:00,996
"12",2019-04-19 08:00:00,466
"13",2016-03-17 04:00:00,21
"14",2017-12-23 20:00:00,152
"15",2019-12-17 05:00:00,713
"16",2016-08-26 17:00:00,92
"17",2019-06-12 15:00:00,380
"18",2017-08-02 17:00:00,416
"19",2019-11-01 15:00:00,221
"20",2017-01-26 18:00:00,797
"21",2017-05-20 08:00:00,507
"22",2015-05-09 06:00:00,578
"23",2017-06-23 08:00:00,295
"24",2018-04-22 21:00:00,266
"25",2019-07-18 03:00:00,602
"26",2016-03-07 17:00:00,174
"27",2019-07-14 10:00:00,300
"28",2019-07-26 15:00:00,76
"29",2015-11-02 23:00:00,772
"30",2016-03-02 02:00:00,35
"31",2017-01-01 09:00:00,595
"32",2017-06-15 23:00:00,783
"33",2018-01-14 23:00:00,800
"34",2018-05-18 16:00:00,645
"35",2018-10-25 23:00:00,475
"36",2015-09-30 11:00:00,622
"37",2016-07-03 05:00:00,55
"38",2019-06-30 20:00:00,103
"39",2015-06-11 13:00:00,228
"40",2016-02-03 02:00:00,820
"41",2016-12-09 12:00:00,847
"42",2016-11-30 14:00:00,981
"43",2016-04-18 23:00:00,164
"44",2015-11-05 03:00:00,575
"45",2019-03-17 15:00:00,791
"46",2015-01-04 18:00:00,839
"47",2017-02-22 03:00:00,957
"48",2018-03-30 14:00:00,498
"49",2015-04-13 08:00:00,44
"50",2018-10-13 20:00:00,629
"51",2015-09-28 00:00:00,819
"52",2016-09-05 12:00:00,188
"53",2018-09-08 06:00:00,561
"54",2016-01-16 14:00:00,886
"55",2016-04-27 14:00:00,756
"56",2015-06-03 15:00:00,781
"57",2016-10-04 20:00:00,252
"58",2015-03-28 05:00:00,563
"59",2017-04-09 22:00:00,655
"60",2019-05-24 08:00:00,2
"61",2018-09-24 17:00:00,410
"62",2016-09-26 06:00:00,235
"63",2017-06-06 18:00:00,268
"64",2017-06-09 12:00:00,938
"65",2018-09-15 18:00:00,147
"66",2018-08-24 23:00:00,680
"67",2017-10-29 07:00:00,259
"68",2016-11-30 12:00:00,782
"69",2019-03-14 00:00:00,296
"70",2017-05-25 21:00:00,908
"71",2019-10-15 13:00:00,991
"72",2015-08-22 05:00:00,231
"73",2016-05-08 17:00:00,49
"74",2019-06-15 14:00:00,788
"75",2019-09-28 10:00:00,645
"76",2019-12-31 14:00:00,840
"77",2017-05-02 05:00:00,77
"78",2016-06-29 04:00:00,505
"79",2017-02-13 11:00:00,12
"80",2016-09-07 16:00:00,936
"81",2017-04-16 14:00:00,717
"82",2015-10-19 23:00:00,893
"83",2017-11-19 06:00:00,568
"84",2016-12-31 09:00:00,266
"85",2018-12-22 03:00:00,146
"86",2016-05-30 05:00:00,371
"87",2019-04-21 19:00:00,763
"88",2017-02-25 00:00:00,419
"89",2016-09-18 00:00:00,112
"90",2017-09-18 22:00:00,851
"91",2015-11-21 21:00:00,544
"92",2019-07-02 00:00:00,877
"93",2015-08-03 02:00:00,822
"94",2015-11-05 11:00:00,835
"95",2018-03-13 04:00:00,692
"96",2018-09-29 17:00:00,61
"97",2016-12-21 08:00:00,58
"98",2015-01-03 21:00:00,527
"99",2019-10-19 04:00:00,61
"100",2019-08-08 13:00:00,866
